plot_number,lat,long,x_m,y_m,year
1,35.25608333,-116.0472333,0.25,0.25,2017
2,35.25608333,-116.0472333,0.25,0.25,2017
3,35.25608333,-116.0472333,0.25,0.25,2017
4,35.25608333,-116.0472333,0.25,0.25,2017
5,35.25608333,-116.0472333,0.25,0.25,2017
6,35.25608333,-116.0472333,0.25,0.25,2017
7,35.25608333,-116.0472333,0.25,0.25,2017
8,35.25608333,-116.0472333,0.25,0.25,2017
9,35.25608333,-116.0472333,0.25,0.25,2017
10,35.25608333,-116.0472333,0.25,0.25,2017
11,35.25608333,-116.0472333,0.25,0.25,2017
12,35.25608333,-116.0472333,0.25,0.25,2017
13,35.25608333,-116.0472333,0.25,0.25,2017
14,35.25608333,-116.0472333,0.25,0.25,2017
15,35.25608333,-116.0472333,0.25,0.25,2017
16,35.25608333,-116.0472333,0.25,0.25,2017
17,35.25608333,-116.0472333,0.25,0.25,2017
18,35.25608333,-116.0472333,0.25,0.25,2017
19,35.25608333,-116.0472333,0.25,0.25,2017
20,35.25608333,-116.0472333,0.25,0.25,2017
21,35.25608333,-116.0472333,0.25,0.25,2017
22,35.25608333,-116.0472333,0.25,0.25,2017
23,35.25608333,-116.0472333,0.25,0.25,2017
24,35.25608333,-116.0472333,0.25,0.25,2017
25,35.25608333,-116.0472333,0.25,0.25,2017
26,35.25608333,-116.0472333,0.25,0.25,2017
27,35.25608333,-116.0472333,0.25,0.25,2017
28,35.25608333,-116.0472333,0.25,0.25,2017
29,35.25608333,-116.0472333,0.25,0.25,2017
30,35.25608333,-116.0472333,0.25,0.25,2017
31,35.2502,-115.9224333,0.25,0.25,2017
32,35.2502,-115.9224333,0.25,0.25,2017
33,35.2502,-115.9224333,0.25,0.25,2017
34,35.2502,-115.9224333,0.25,0.25,2017
35,35.2502,-115.9224333,0.25,0.25,2017
36,35.2502,-115.9224333,0.25,0.25,2017
37,35.2502,-115.9224333,0.25,0.25,2017
38,35.2502,-115.9224333,0.25,0.25,2017
39,35.2502,-115.9224333,0.25,0.25,2017
40,35.2502,-115.9224333,0.25,0.25,2017
41,35.2502,-115.9224333,0.25,0.25,2017
42,35.2502,-115.9224333,0.25,0.25,2017
43,35.2502,-115.9224333,0.25,0.25,2017
44,35.2502,-115.9224333,0.25,0.25,2017
45,35.2502,-115.9224333,0.25,0.25,2017
46,35.2502,-115.9224333,0.25,0.25,2017
47,35.2502,-115.9224333,0.25,0.25,2017
48,35.2502,-115.9224333,0.25,0.25,2017
49,35.2502,-115.9224333,0.25,0.25,2017
50,35.2502,-115.9224333,0.25,0.25,2017
51,35.2502,-115.9224333,0.25,0.25,2017
52,35.2502,-115.9224333,0.25,0.25,2017
53,35.2502,-115.9224333,0.25,0.25,2017
54,35.2502,-115.9224333,0.25,0.25,2017
55,35.2502,-115.9224333,0.25,0.25,2017
56,35.2502,-115.9224333,0.25,0.25,2017
57,35.2502,-115.9224333,0.25,0.25,2017
58,35.2502,-115.9224333,0.25,0.25,2017
59,35.2502,-115.9224333,0.25,0.25,2017
60,35.2502,-115.9224333,0.25,0.25,2017
61,35.18428333,-115.8600167,0.25,0.25,2017
62,35.18428333,-115.8600167,0.25,0.25,2017
63,35.18428333,-115.8600167,0.25,0.25,2017
64,35.18428333,-115.8600167,0.25,0.25,2017
65,35.18428333,-115.8600167,0.25,0.25,2017
66,35.18428333,-115.8600167,0.25,0.25,2017
67,35.18428333,-115.8600167,0.25,0.25,2017
68,35.18428333,-115.8600167,0.25,0.25,2017
69,35.18428333,-115.8600167,0.25,0.25,2017
70,35.18428333,-115.8600167,0.25,0.25,2017
71,35.18428333,-115.8600167,0.25,0.25,2017
72,35.18428333,-115.8600167,0.25,0.25,2017
73,35.18428333,-115.8600167,0.25,0.25,2017
74,35.18428333,-115.8600167,0.25,0.25,2017
75,35.18428333,-115.8600167,0.25,0.25,2017
76,35.18428333,-115.8600167,0.25,0.25,2017
77,35.18428333,-115.8600167,0.25,0.25,2017
78,35.18428333,-115.8600167,0.25,0.25,2017
79,35.18428333,-115.8600167,0.25,0.25,2017
80,35.18428333,-115.8600167,0.25,0.25,2017
81,35.18428333,-115.8600167,0.25,0.25,2017
82,35.18428333,-115.8600167,0.25,0.25,2017
83,35.18428333,-115.8600167,0.25,0.25,2017
84,35.18428333,-115.8600167,0.25,0.25,2017
85,35.18428333,-115.8600167,0.25,0.25,2017
86,35.18428333,-115.8600167,0.25,0.25,2017
87,35.18428333,-115.8600167,0.25,0.25,2017
88,35.18428333,-115.8600167,0.25,0.25,2017
89,35.18428333,-115.8600167,0.25,0.25,2017
90,35.18428333,-115.8600167,0.25,0.25,2017
91,35.15516667,-115.7903333,0.25,0.25,2017
92,35.15516667,-115.7903333,0.25,0.25,2017
93,35.15516667,-115.7903333,0.25,0.25,2017
94,35.15516667,-115.7903333,0.25,0.25,2017
95,35.15516667,-115.7903333,0.25,0.25,2017
96,35.15516667,-115.7903333,0.25,0.25,2017
97,35.15516667,-115.7903333,0.25,0.25,2017
98,35.15516667,-115.7903333,0.25,0.25,2017
99,35.15516667,-115.7903333,0.25,0.25,2017
100,35.15516667,-115.7903333,0.25,0.25,2017
101,35.15516667,-115.7903333,0.25,0.25,2017
102,35.15516667,-115.7903333,0.25,0.25,2017
103,35.15516667,-115.7903333,0.25,0.25,2017
104,35.15516667,-115.7903333,0.25,0.25,2017
105,35.15516667,-115.7903333,0.25,0.25,2017
106,35.15516667,-115.7903333,0.25,0.25,2017
107,35.15516667,-115.7903333,0.25,0.25,2017
108,35.15516667,-115.7903333,0.25,0.25,2017
109,35.15516667,-115.7903333,0.25,0.25,2017
110,35.15516667,-115.7903333,0.25,0.25,2017
111,35.15516667,-115.7903333,0.25,0.25,2017
112,35.15516667,-115.7903333,0.25,0.25,2017
113,35.15516667,-115.7903333,0.25,0.25,2017
114,35.15516667,-115.7903333,0.25,0.25,2017
115,35.15516667,-115.7903333,0.25,0.25,2017
116,35.15516667,-115.7903333,0.25,0.25,2017
117,35.15516667,-115.7903333,0.25,0.25,2017
118,35.15516667,-115.7903333,0.25,0.25,2017
119,35.15516667,-115.7903333,0.25,0.25,2017
120,35.15516667,-115.7903333,0.25,0.25,2017
121,35.14453333,-115.7286167,0.25,0.25,2017
122,35.14453333,-115.7286167,0.25,0.25,2017
123,35.14453333,-115.7286167,0.25,0.25,2017
124,35.14453333,-115.7286167,0.25,0.25,2017
125,35.14453333,-115.7286167,0.25,0.25,2017
126,35.14453333,-115.7286167,0.25,0.25,2017
127,35.14453333,-115.7286167,0.25,0.25,2017
128,35.14453333,-115.7286167,0.25,0.25,2017
129,35.14453333,-115.7286167,0.25,0.25,2017
130,35.14453333,-115.7286167,0.25,0.25,2017
131,35.14453333,-115.7286167,0.25,0.25,2017
132,35.14453333,-115.7286167,0.25,0.25,2017
133,35.14453333,-115.7286167,0.25,0.25,2017
134,35.14453333,-115.7286167,0.25,0.25,2017
135,35.14453333,-115.7286167,0.25,0.25,2017
136,35.14453333,-115.7286167,0.25,0.25,2017
137,35.14453333,-115.7286167,0.25,0.25,2017
138,35.14453333,-115.7286167,0.25,0.25,2017
139,35.14453333,-115.7286167,0.25,0.25,2017
140,35.14453333,-115.7286167,0.25,0.25,2017
141,35.14453333,-115.7286167,0.25,0.25,2017
142,35.14453333,-115.7286167,0.25,0.25,2017
143,35.14453333,-115.7286167,0.25,0.25,2017
144,35.14453333,-115.7286167,0.25,0.25,2017
145,35.14453333,-115.7286167,0.25,0.25,2017
146,35.14453333,-115.7286167,0.25,0.25,2017
147,35.14453333,-115.7286167,0.25,0.25,2017
148,35.14453333,-115.7286167,0.25,0.25,2017
149,35.14453333,-115.7286167,0.25,0.25,2017
150,35.14453333,-115.7286167,0.25,0.25,2017
151,35.14453333,-115.7286167,0.25,0.25,2016
152,35.14453333,-115.7286167,0.25,0.25,2016
153,35.14453333,-115.7286167,0.25,0.25,2016
154,35.14453333,-115.7286167,0.25,0.25,2016
155,35.14453333,-115.7286167,0.25,0.25,2016
156,35.14453333,-115.7286167,0.25,0.25,2016
157,35.14453333,-115.7286167,0.25,0.25,2016
158,35.14453333,-115.7286167,0.25,0.25,2016
159,35.14453333,-115.7286167,0.25,0.25,2016
160,35.14453333,-115.7286167,0.25,0.25,2016
161,35.14453333,-115.7286167,0.25,0.25,2016
162,35.14453333,-115.7286167,0.25,0.25,2016
163,35.14453333,-115.7286167,0.25,0.25,2016
164,35.14453333,-115.7286167,0.25,0.25,2016
165,35.14453333,-115.7286167,0.25,0.25,2016
166,35.14453333,-115.7286167,0.25,0.25,2016
167,35.14453333,-115.7286167,0.25,0.25,2016
168,35.14453333,-115.7286167,0.25,0.25,2016
169,35.14453333,-115.7286167,0.25,0.25,2016
170,35.14453333,-115.7286167,0.25,0.25,2016
171,35.14453333,-115.7286167,0.25,0.25,2016
172,35.14453333,-115.7286167,0.25,0.25,2016
173,35.14453333,-115.7286167,0.25,0.25,2016
174,35.14453333,-115.7286167,0.25,0.25,2016
175,35.14453333,-115.7286167,0.25,0.25,2016
176,35.14453333,-115.7286167,0.25,0.25,2016
177,35.14453333,-115.7286167,0.25,0.25,2016
178,35.14453333,-115.7286167,0.25,0.25,2016
179,35.14453333,-115.7286167,0.25,0.25,2016
180,35.14453333,-115.7286167,0.25,0.25,2016
181,35.15516667,-115.7903333,0.25,0.25,2016
182,35.15516667,-115.7903333,0.25,0.25,2016
183,35.15516667,-115.7903333,0.25,0.25,2016
184,35.15516667,-115.7903333,0.25,0.25,2016
185,35.15516667,-115.7903333,0.25,0.25,2016
186,35.15516667,-115.7903333,0.25,0.25,2016
187,35.15516667,-115.7903333,0.25,0.25,2016
188,35.15516667,-115.7903333,0.25,0.25,2016
189,35.15516667,-115.7903333,0.25,0.25,2016
190,35.15516667,-115.7903333,0.25,0.25,2016
191,35.15516667,-115.7903333,0.25,0.25,2016
192,35.15516667,-115.7903333,0.25,0.25,2016
193,35.15516667,-115.7903333,0.25,0.25,2016
194,35.15516667,-115.7903333,0.25,0.25,2016
195,35.15516667,-115.7903333,0.25,0.25,2016
196,35.15516667,-115.7903333,0.25,0.25,2016
197,35.15516667,-115.7903333,0.25,0.25,2016
198,35.15516667,-115.7903333,0.25,0.25,2016
199,35.15516667,-115.7903333,0.25,0.25,2016
200,35.15516667,-115.7903333,0.25,0.25,2016
201,35.15516667,-115.7903333,0.25,0.25,2016
202,35.15516667,-115.7903333,0.25,0.25,2016
203,35.15516667,-115.7903333,0.25,0.25,2016
204,35.15516667,-115.7903333,0.25,0.25,2016
205,35.15516667,-115.7903333,0.25,0.25,2016
206,35.15516667,-115.7903333,0.25,0.25,2016
207,35.15516667,-115.7903333,0.25,0.25,2016
208,35.15516667,-115.7903333,0.25,0.25,2016
209,35.15516667,-115.7903333,0.25,0.25,2016
210,35.15516667,-115.7903333,0.25,0.25,2016
211,35.18428333,-115.8600167,0.25,0.25,2016
212,35.18428333,-115.8600167,0.25,0.25,2016
213,35.18428333,-115.8600167,0.25,0.25,2016
214,35.18428333,-115.8600167,0.25,0.25,2016
215,35.18428333,-115.8600167,0.25,0.25,2016
216,35.18428333,-115.8600167,0.25,0.25,2016
217,35.18428333,-115.8600167,0.25,0.25,2016
218,35.18428333,-115.8600167,0.25,0.25,2016
219,35.18428333,-115.8600167,0.25,0.25,2016
220,35.18428333,-115.8600167,0.25,0.25,2016
221,35.18428333,-115.8600167,0.25,0.25,2016
222,35.18428333,-115.8600167,0.25,0.25,2016
223,35.18428333,-115.8600167,0.25,0.25,2016
224,35.18428333,-115.8600167,0.25,0.25,2016
225,35.18428333,-115.8600167,0.25,0.25,2016
226,35.18428333,-115.8600167,0.25,0.25,2016
227,35.18428333,-115.8600167,0.25,0.25,2016
228,35.18428333,-115.8600167,0.25,0.25,2016
229,35.18428333,-115.8600167,0.25,0.25,2016
230,35.18428333,-115.8600167,0.25,0.25,2016
231,35.18428333,-115.8600167,0.25,0.25,2016
232,35.18428333,-115.8600167,0.25,0.25,2016
233,35.18428333,-115.8600167,0.25,0.25,2016
234,35.18428333,-115.8600167,0.25,0.25,2016
235,35.18428333,-115.8600167,0.25,0.25,2016
236,35.18428333,-115.8600167,0.25,0.25,2016
237,35.18428333,-115.8600167,0.25,0.25,2016
238,35.18428333,-115.8600167,0.25,0.25,2016
239,35.18428333,-115.8600167,0.25,0.25,2016
240,35.18428333,-115.8600167,0.25,0.25,2016
241,35.2502,-115.9224333,0.25,0.25,2016
242,35.2502,-115.9224333,0.25,0.25,2016
243,35.2502,-115.9224333,0.25,0.25,2016
244,35.2502,-115.9224333,0.25,0.25,2016
245,35.2502,-115.9224333,0.25,0.25,2016
246,35.2502,-115.9224333,0.25,0.25,2016
247,35.2502,-115.9224333,0.25,0.25,2016
248,35.2502,-115.9224333,0.25,0.25,2016
249,35.2502,-115.9224333,0.25,0.25,2016
250,35.2502,-115.9224333,0.25,0.25,2016
251,35.2502,-115.9224333,0.25,0.25,2016
252,35.2502,-115.9224333,0.25,0.25,2016
253,35.2502,-115.9224333,0.25,0.25,2016
254,35.2502,-115.9224333,0.25,0.25,2016
255,35.2502,-115.9224333,0.25,0.25,2016
256,35.2502,-115.9224333,0.25,0.25,2016
257,35.2502,-115.9224333,0.25,0.25,2016
258,35.2502,-115.9224333,0.25,0.25,2016
259,35.2502,-115.9224333,0.25,0.25,2016
260,35.2502,-115.9224333,0.25,0.25,2016
261,35.2502,-115.9224333,0.25,0.25,2016
262,35.2502,-115.9224333,0.25,0.25,2016
263,35.2502,-115.9224333,0.25,0.25,2016
264,35.2502,-115.9224333,0.25,0.25,2016
265,35.2502,-115.9224333,0.25,0.25,2016
266,35.2502,-115.9224333,0.25,0.25,2016
267,35.2502,-115.9224333,0.25,0.25,2016
268,35.2502,-115.9224333,0.25,0.25,2016
269,35.2502,-115.9224333,0.25,0.25,2016
270,35.2502,-115.9224333,0.25,0.25,2016
271,35.25608333,-116.0472333,0.25,0.25,2016
272,35.25608333,-116.0472333,0.25,0.25,2016
273,35.25608333,-116.0472333,0.25,0.25,2016
274,35.25608333,-116.0472333,0.25,0.25,2016
275,35.25608333,-116.0472333,0.25,0.25,2016
276,35.25608333,-116.0472333,0.25,0.25,2016
277,35.25608333,-116.0472333,0.25,0.25,2016
278,35.25608333,-116.0472333,0.25,0.25,2016
279,35.25608333,-116.0472333,0.25,0.25,2016
280,35.25608333,-116.0472333,0.25,0.25,2016
281,35.25608333,-116.0472333,0.25,0.25,2016
282,35.25608333,-116.0472333,0.25,0.25,2016
283,35.25608333,-116.0472333,0.25,0.25,2016
284,35.25608333,-116.0472333,0.25,0.25,2016
285,35.25608333,-116.0472333,0.25,0.25,2016
286,35.25608333,-116.0472333,0.25,0.25,2016
287,35.25608333,-116.0472333,0.25,0.25,2016
288,35.25608333,-116.0472333,0.25,0.25,2016
289,35.25608333,-116.0472333,0.25,0.25,2016
290,35.25608333,-116.0472333,0.25,0.25,2016
291,35.25608333,-116.0472333,0.25,0.25,2016
292,35.25608333,-116.0472333,0.25,0.25,2016
293,35.25608333,-116.0472333,0.25,0.25,2016
294,35.25608333,-116.0472333,0.25,0.25,2016
295,35.25608333,-116.0472333,0.25,0.25,2016
296,35.25608333,-116.0472333,0.25,0.25,2016
297,35.25608333,-116.0472333,0.25,0.25,2016
298,35.25608333,-116.0472333,0.25,0.25,2016
299,35.25608333,-116.0472333,0.25,0.25,2016
300,35.25608333,-116.0472333,0.25,0.25,2016
301,35.14453333,-115.7286167,0.25,0.25,2015
302,35.14453333,-115.7286167,0.25,0.25,2015
303,35.14453333,-115.7286167,0.25,0.25,2015
304,35.14453333,-115.7286167,0.25,0.25,2015
305,35.14453333,-115.7286167,0.25,0.25,2015
306,35.14453333,-115.7286167,0.25,0.25,2015
307,35.14453333,-115.7286167,0.25,0.25,2015
308,35.14453333,-115.7286167,0.25,0.25,2015
309,35.14453333,-115.7286167,0.25,0.25,2015
310,35.14453333,-115.7286167,0.25,0.25,2015
311,35.14453333,-115.7286167,0.25,0.25,2015
312,35.14453333,-115.7286167,0.25,0.25,2015
313,35.14453333,-115.7286167,0.25,0.25,2015
314,35.14453333,-115.7286167,0.25,0.25,2015
315,35.14453333,-115.7286167,0.25,0.25,2015
316,35.15516667,-115.7903333,0.25,0.25,2015
317,35.15516667,-115.7903333,0.25,0.25,2015
318,35.15516667,-115.7903333,0.25,0.25,2015
319,35.15516667,-115.7903333,0.25,0.25,2015
320,35.15516667,-115.7903333,0.25,0.25,2015
321,35.15516667,-115.7903333,0.25,0.25,2015
322,35.15516667,-115.7903333,0.25,0.25,2015
323,35.15516667,-115.7903333,0.25,0.25,2015
324,35.15516667,-115.7903333,0.25,0.25,2015
325,35.15516667,-115.7903333,0.25,0.25,2015
326,35.15516667,-115.7903333,0.25,0.25,2015
327,35.15516667,-115.7903333,0.25,0.25,2015
328,35.15516667,-115.7903333,0.25,0.25,2015
329,35.15516667,-115.7903333,0.25,0.25,2015
330,35.15516667,-115.7903333,0.25,0.25,2015
331,35.18428333,-115.8600167,0.25,0.25,2015
332,35.18428333,-115.8600167,0.25,0.25,2015
333,35.18428333,-115.8600167,0.25,0.25,2015
334,35.18428333,-115.8600167,0.25,0.25,2015
335,35.18428333,-115.8600167,0.25,0.25,2015
336,35.18428333,-115.8600167,0.25,0.25,2015
337,35.18428333,-115.8600167,0.25,0.25,2015
338,35.18428333,-115.8600167,0.25,0.25,2015
339,35.18428333,-115.8600167,0.25,0.25,2015
340,35.18428333,-115.8600167,0.25,0.25,2015
341,35.18428333,-115.8600167,0.25,0.25,2015
342,35.18428333,-115.8600167,0.25,0.25,2015
343,35.18428333,-115.8600167,0.25,0.25,2015
344,35.18428333,-115.8600167,0.25,0.25,2015
345,35.18428333,-115.8600167,0.25,0.25,2015
346,35.2502,-115.9224333,0.25,0.25,2015
347,35.2502,-115.9224333,0.25,0.25,2015
348,35.2502,-115.9224333,0.25,0.25,2015
349,35.2502,-115.9224333,0.25,0.25,2015
350,35.2502,-115.9224333,0.25,0.25,2015
351,35.2502,-115.9224333,0.25,0.25,2015
352,35.2502,-115.9224333,0.25,0.25,2015
353,35.2502,-115.9224333,0.25,0.25,2015
354,35.2502,-115.9224333,0.25,0.25,2015
355,35.2502,-115.9224333,0.25,0.25,2015
356,35.2502,-115.9224333,0.25,0.25,2015
357,35.2502,-115.9224333,0.25,0.25,2015
358,35.2502,-115.9224333,0.25,0.25,2015
359,35.2502,-115.9224333,0.25,0.25,2015
360,35.2502,-115.9224333,0.25,0.25,2015
361,35.25608333,-116.0472333,0.25,0.25,2015
362,35.25608333,-116.0472333,0.25,0.25,2015
363,35.25608333,-116.0472333,0.25,0.25,2015
364,35.25608333,-116.0472333,0.25,0.25,2015
365,35.25608333,-116.0472333,0.25,0.25,2015
366,35.25608333,-116.0472333,0.25,0.25,2015
367,35.25608333,-116.0472333,0.25,0.25,2015
368,35.25608333,-116.0472333,0.25,0.25,2015
369,35.25608333,-116.0472333,0.25,0.25,2015
370,35.25608333,-116.0472333,0.25,0.25,2015
371,35.25608333,-116.0472333,0.25,0.25,2015
372,35.25608333,-116.0472333,0.25,0.25,2015
373,35.25608333,-116.0472333,0.25,0.25,2015
374,35.25608333,-116.0472333,0.25,0.25,2015
375,35.25608333,-116.0472333,0.25,0.25,2015
376,35.25608333,-116.0472333,0.25,0.25,2017
377,35.25608333,-116.0472333,0.25,0.25,2017
378,35.25608333,-116.0472333,0.25,0.25,2017
379,35.25608333,-116.0472333,0.25,0.25,2017
380,35.25608333,-116.0472333,0.25,0.25,2017
381,35.25608333,-116.0472333,0.25,0.25,2017
382,35.25608333,-116.0472333,0.25,0.25,2017
383,35.25608333,-116.0472333,0.25,0.25,2017
384,35.25608333,-116.0472333,0.25,0.25,2017
385,35.25608333,-116.0472333,0.25,0.25,2017
386,35.25608333,-116.0472333,0.25,0.25,2017
387,35.25608333,-116.0472333,0.25,0.25,2017
388,35.25608333,-116.0472333,0.25,0.25,2017
389,35.25608333,-116.0472333,0.25,0.25,2017
390,35.25608333,-116.0472333,0.25,0.25,2017
391,35.25608333,-116.0472333,0.25,0.25,2017
392,35.25608333,-116.0472333,0.25,0.25,2017
393,35.25608333,-116.0472333,0.25,0.25,2017
394,35.25608333,-116.0472333,0.25,0.25,2017
395,35.25608333,-116.0472333,0.25,0.25,2017
396,35.25608333,-116.0472333,0.25,0.25,2017
397,35.25608333,-116.0472333,0.25,0.25,2017
398,35.25608333,-116.0472333,0.25,0.25,2017
399,35.25608333,-116.0472333,0.25,0.25,2017
400,35.25608333,-116.0472333,0.25,0.25,2017
401,35.25608333,-116.0472333,0.25,0.25,2017
402,35.25608333,-116.0472333,0.25,0.25,2017
403,35.25608333,-116.0472333,0.25,0.25,2017
404,35.25608333,-116.0472333,0.25,0.25,2017
405,35.25608333,-116.0472333,0.25,0.25,2017
406,35.2502,-115.9224333,0.25,0.25,2017
407,35.2502,-115.9224333,0.25,0.25,2017
408,35.2502,-115.9224333,0.25,0.25,2017
409,35.2502,-115.9224333,0.25,0.25,2017
410,35.2502,-115.9224333,0.25,0.25,2017
411,35.2502,-115.9224333,0.25,0.25,2017
412,35.2502,-115.9224333,0.25,0.25,2017
413,35.2502,-115.9224333,0.25,0.25,2017
414,35.2502,-115.9224333,0.25,0.25,2017
415,35.2502,-115.9224333,0.25,0.25,2017
416,35.2502,-115.9224333,0.25,0.25,2017
417,35.2502,-115.9224333,0.25,0.25,2017
418,35.2502,-115.9224333,0.25,0.25,2017
419,35.2502,-115.9224333,0.25,0.25,2017
420,35.2502,-115.9224333,0.25,0.25,2017
421,35.2502,-115.9224333,0.25,0.25,2017
422,35.2502,-115.9224333,0.25,0.25,2017
423,35.2502,-115.9224333,0.25,0.25,2017
424,35.2502,-115.9224333,0.25,0.25,2017
425,35.2502,-115.9224333,0.25,0.25,2017
426,35.2502,-115.9224333,0.25,0.25,2017
427,35.2502,-115.9224333,0.25,0.25,2017
428,35.2502,-115.9224333,0.25,0.25,2017
429,35.2502,-115.9224333,0.25,0.25,2017
430,35.2502,-115.9224333,0.25,0.25,2017
431,35.2502,-115.9224333,0.25,0.25,2017
432,35.2502,-115.9224333,0.25,0.25,2017
433,35.2502,-115.9224333,0.25,0.25,2017
434,35.2502,-115.9224333,0.25,0.25,2017
435,35.2502,-115.9224333,0.25,0.25,2017
436,35.18428333,-115.8600167,0.25,0.25,2017
437,35.18428333,-115.8600167,0.25,0.25,2017
438,35.18428333,-115.8600167,0.25,0.25,2017
439,35.18428333,-115.8600167,0.25,0.25,2017
440,35.18428333,-115.8600167,0.25,0.25,2017
441,35.18428333,-115.8600167,0.25,0.25,2017
442,35.18428333,-115.8600167,0.25,0.25,2017
443,35.18428333,-115.8600167,0.25,0.25,2017
444,35.18428333,-115.8600167,0.25,0.25,2017
445,35.18428333,-115.8600167,0.25,0.25,2017
446,35.18428333,-115.8600167,0.25,0.25,2017
447,35.18428333,-115.8600167,0.25,0.25,2017
448,35.18428333,-115.8600167,0.25,0.25,2017
449,35.18428333,-115.8600167,0.25,0.25,2017
450,35.18428333,-115.8600167,0.25,0.25,2017
451,35.18428333,-115.8600167,0.25,0.25,2017
452,35.18428333,-115.8600167,0.25,0.25,2017
453,35.18428333,-115.8600167,0.25,0.25,2017
454,35.18428333,-115.8600167,0.25,0.25,2017
455,35.18428333,-115.8600167,0.25,0.25,2017
456,35.18428333,-115.8600167,0.25,0.25,2017
457,35.18428333,-115.8600167,0.25,0.25,2017
458,35.18428333,-115.8600167,0.25,0.25,2017
459,35.18428333,-115.8600167,0.25,0.25,2017
460,35.18428333,-115.8600167,0.25,0.25,2017
461,35.18428333,-115.8600167,0.25,0.25,2017
462,35.18428333,-115.8600167,0.25,0.25,2017
463,35.18428333,-115.8600167,0.25,0.25,2017
464,35.18428333,-115.8600167,0.25,0.25,2017
465,35.18428333,-115.8600167,0.25,0.25,2017
466,35.15516667,-115.7903333,0.25,0.25,2017
467,35.15516667,-115.7903333,0.25,0.25,2017
468,35.15516667,-115.7903333,0.25,0.25,2017
469,35.15516667,-115.7903333,0.25,0.25,2017
470,35.15516667,-115.7903333,0.25,0.25,2017
471,35.15516667,-115.7903333,0.25,0.25,2017
472,35.15516667,-115.7903333,0.25,0.25,2017
473,35.15516667,-115.7903333,0.25,0.25,2017
474,35.15516667,-115.7903333,0.25,0.25,2017
475,35.15516667,-115.7903333,0.25,0.25,2017
476,35.15516667,-115.7903333,0.25,0.25,2017
477,35.15516667,-115.7903333,0.25,0.25,2017
478,35.15516667,-115.7903333,0.25,0.25,2017
479,35.15516667,-115.7903333,0.25,0.25,2017
480,35.15516667,-115.7903333,0.25,0.25,2017
481,35.15516667,-115.7903333,0.25,0.25,2017
482,35.15516667,-115.7903333,0.25,0.25,2017
483,35.15516667,-115.7903333,0.25,0.25,2017
484,35.15516667,-115.7903333,0.25,0.25,2017
485,35.15516667,-115.7903333,0.25,0.25,2017
486,35.15516667,-115.7903333,0.25,0.25,2017
487,35.15516667,-115.7903333,0.25,0.25,2017
488,35.15516667,-115.7903333,0.25,0.25,2017
489,35.15516667,-115.7903333,0.25,0.25,2017
490,35.15516667,-115.7903333,0.25,0.25,2017
491,35.15516667,-115.7903333,0.25,0.25,2017
492,35.15516667,-115.7903333,0.25,0.25,2017
493,35.15516667,-115.7903333,0.25,0.25,2017
494,35.15516667,-115.7903333,0.25,0.25,2017
495,35.15516667,-115.7903333,0.25,0.25,2017
496,35.14453333,-115.7286167,0.25,0.25,2017
497,35.14453333,-115.7286167,0.25,0.25,2017
498,35.14453333,-115.7286167,0.25,0.25,2017
499,35.14453333,-115.7286167,0.25,0.25,2017
500,35.14453333,-115.7286167,0.25,0.25,2017
501,35.14453333,-115.7286167,0.25,0.25,2017
502,35.14453333,-115.7286167,0.25,0.25,2017
503,35.14453333,-115.7286167,0.25,0.25,2017
504,35.14453333,-115.7286167,0.25,0.25,2017
505,35.14453333,-115.7286167,0.25,0.25,2017
506,35.14453333,-115.7286167,0.25,0.25,2017
507,35.14453333,-115.7286167,0.25,0.25,2017
508,35.14453333,-115.7286167,0.25,0.25,2017
509,35.14453333,-115.7286167,0.25,0.25,2017
510,35.14453333,-115.7286167,0.25,0.25,2017
511,35.14453333,-115.7286167,0.25,0.25,2017
512,35.14453333,-115.7286167,0.25,0.25,2017
513,35.14453333,-115.7286167,0.25,0.25,2017
514,35.14453333,-115.7286167,0.25,0.25,2017
515,35.14453333,-115.7286167,0.25,0.25,2017
516,35.14453333,-115.7286167,0.25,0.25,2017
517,35.14453333,-115.7286167,0.25,0.25,2017
518,35.14453333,-115.7286167,0.25,0.25,2017
519,35.14453333,-115.7286167,0.25,0.25,2017
520,35.14453333,-115.7286167,0.25,0.25,2017
521,35.14453333,-115.7286167,0.25,0.25,2017
522,35.14453333,-115.7286167,0.25,0.25,2017
523,35.14453333,-115.7286167,0.25,0.25,2017
524,35.14453333,-115.7286167,0.25,0.25,2017
525,35.14453333,-115.7286167,0.25,0.25,2017
526,35.14453333,-115.7286167,0.25,0.25,2016
527,35.14453333,-115.7286167,0.25,0.25,2016
528,35.14453333,-115.7286167,0.25,0.25,2016
529,35.14453333,-115.7286167,0.25,0.25,2016
530,35.14453333,-115.7286167,0.25,0.25,2016
531,35.14453333,-115.7286167,0.25,0.25,2016
532,35.14453333,-115.7286167,0.25,0.25,2016
533,35.14453333,-115.7286167,0.25,0.25,2016
534,35.14453333,-115.7286167,0.25,0.25,2016
535,35.14453333,-115.7286167,0.25,0.25,2016
536,35.14453333,-115.7286167,0.25,0.25,2016
537,35.14453333,-115.7286167,0.25,0.25,2016
538,35.14453333,-115.7286167,0.25,0.25,2016
539,35.14453333,-115.7286167,0.25,0.25,2016
540,35.14453333,-115.7286167,0.25,0.25,2016
541,35.14453333,-115.7286167,0.25,0.25,2016
542,35.14453333,-115.7286167,0.25,0.25,2016
543,35.14453333,-115.7286167,0.25,0.25,2016
544,35.14453333,-115.7286167,0.25,0.25,2016
545,35.14453333,-115.7286167,0.25,0.25,2016
546,35.14453333,-115.7286167,0.25,0.25,2016
547,35.14453333,-115.7286167,0.25,0.25,2016
548,35.14453333,-115.7286167,0.25,0.25,2016
549,35.14453333,-115.7286167,0.25,0.25,2016
550,35.14453333,-115.7286167,0.25,0.25,2016
551,35.14453333,-115.7286167,0.25,0.25,2016
552,35.14453333,-115.7286167,0.25,0.25,2016
553,35.14453333,-115.7286167,0.25,0.25,2016
554,35.14453333,-115.7286167,0.25,0.25,2016
555,35.14453333,-115.7286167,0.25,0.25,2016
556,35.15516667,-115.7903333,0.25,0.25,2016
557,35.15516667,-115.7903333,0.25,0.25,2016
558,35.15516667,-115.7903333,0.25,0.25,2016
559,35.15516667,-115.7903333,0.25,0.25,2016
560,35.15516667,-115.7903333,0.25,0.25,2016
561,35.15516667,-115.7903333,0.25,0.25,2016
562,35.15516667,-115.7903333,0.25,0.25,2016
563,35.15516667,-115.7903333,0.25,0.25,2016
564,35.15516667,-115.7903333,0.25,0.25,2016
565,35.15516667,-115.7903333,0.25,0.25,2016
566,35.15516667,-115.7903333,0.25,0.25,2016
567,35.15516667,-115.7903333,0.25,0.25,2016
568,35.15516667,-115.7903333,0.25,0.25,2016
569,35.15516667,-115.7903333,0.25,0.25,2016
570,35.15516667,-115.7903333,0.25,0.25,2016
571,35.15516667,-115.7903333,0.25,0.25,2016
572,35.15516667,-115.7903333,0.25,0.25,2016
573,35.15516667,-115.7903333,0.25,0.25,2016
574,35.15516667,-115.7903333,0.25,0.25,2016
575,35.15516667,-115.7903333,0.25,0.25,2016
576,35.15516667,-115.7903333,0.25,0.25,2016
577,35.15516667,-115.7903333,0.25,0.25,2016
578,35.15516667,-115.7903333,0.25,0.25,2016
579,35.15516667,-115.7903333,0.25,0.25,2016
580,35.15516667,-115.7903333,0.25,0.25,2016
581,35.15516667,-115.7903333,0.25,0.25,2016
582,35.15516667,-115.7903333,0.25,0.25,2016
583,35.15516667,-115.7903333,0.25,0.25,2016
584,35.15516667,-115.7903333,0.25,0.25,2016
585,35.15516667,-115.7903333,0.25,0.25,2016
586,35.18428333,-115.8600167,0.25,0.25,2016
587,35.18428333,-115.8600167,0.25,0.25,2016
588,35.18428333,-115.8600167,0.25,0.25,2016
589,35.18428333,-115.8600167,0.25,0.25,2016
590,35.18428333,-115.8600167,0.25,0.25,2016
591,35.18428333,-115.8600167,0.25,0.25,2016
592,35.18428333,-115.8600167,0.25,0.25,2016
593,35.18428333,-115.8600167,0.25,0.25,2016
594,35.18428333,-115.8600167,0.25,0.25,2016
595,35.18428333,-115.8600167,0.25,0.25,2016
596,35.18428333,-115.8600167,0.25,0.25,2016
597,35.18428333,-115.8600167,0.25,0.25,2016
598,35.18428333,-115.8600167,0.25,0.25,2016
599,35.18428333,-115.8600167,0.25,0.25,2016
600,35.18428333,-115.8600167,0.25,0.25,2016
601,35.18428333,-115.8600167,0.25,0.25,2016
602,35.18428333,-115.8600167,0.25,0.25,2016
603,35.18428333,-115.8600167,0.25,0.25,2016
604,35.18428333,-115.8600167,0.25,0.25,2016
605,35.18428333,-115.8600167,0.25,0.25,2016
606,35.18428333,-115.8600167,0.25,0.25,2016
607,35.18428333,-115.8600167,0.25,0.25,2016
608,35.18428333,-115.8600167,0.25,0.25,2016
609,35.18428333,-115.8600167,0.25,0.25,2016
610,35.18428333,-115.8600167,0.25,0.25,2016
611,35.18428333,-115.8600167,0.25,0.25,2016
612,35.18428333,-115.8600167,0.25,0.25,2016
613,35.18428333,-115.8600167,0.25,0.25,2016
614,35.18428333,-115.8600167,0.25,0.25,2016
615,35.18428333,-115.8600167,0.25,0.25,2016
616,35.2502,-115.9224333,0.25,0.25,2016
617,35.2502,-115.9224333,0.25,0.25,2016
618,35.2502,-115.9224333,0.25,0.25,2016
619,35.2502,-115.9224333,0.25,0.25,2016
620,35.2502,-115.9224333,0.25,0.25,2016
621,35.2502,-115.9224333,0.25,0.25,2016
622,35.2502,-115.9224333,0.25,0.25,2016
623,35.2502,-115.9224333,0.25,0.25,2016
624,35.2502,-115.9224333,0.25,0.25,2016
625,35.2502,-115.9224333,0.25,0.25,2016
626,35.2502,-115.9224333,0.25,0.25,2016
627,35.2502,-115.9224333,0.25,0.25,2016
628,35.2502,-115.9224333,0.25,0.25,2016
629,35.2502,-115.9224333,0.25,0.25,2016
630,35.2502,-115.9224333,0.25,0.25,2016
631,35.2502,-115.9224333,0.25,0.25,2016
632,35.2502,-115.9224333,0.25,0.25,2016
633,35.2502,-115.9224333,0.25,0.25,2016
634,35.2502,-115.9224333,0.25,0.25,2016
635,35.2502,-115.9224333,0.25,0.25,2016
636,35.2502,-115.9224333,0.25,0.25,2016
637,35.2502,-115.9224333,0.25,0.25,2016
638,35.2502,-115.9224333,0.25,0.25,2016
639,35.2502,-115.9224333,0.25,0.25,2016
640,35.2502,-115.9224333,0.25,0.25,2016
641,35.2502,-115.9224333,0.25,0.25,2016
642,35.2502,-115.9224333,0.25,0.25,2016
643,35.2502,-115.9224333,0.25,0.25,2016
644,35.2502,-115.9224333,0.25,0.25,2016
645,35.2502,-115.9224333,0.25,0.25,2016
646,35.25608333,-116.0472333,0.25,0.25,2016
647,35.25608333,-116.0472333,0.25,0.25,2016
648,35.25608333,-116.0472333,0.25,0.25,2016
649,35.25608333,-116.0472333,0.25,0.25,2016
650,35.25608333,-116.0472333,0.25,0.25,2016
651,35.25608333,-116.0472333,0.25,0.25,2016
652,35.25608333,-116.0472333,0.25,0.25,2016
653,35.25608333,-116.0472333,0.25,0.25,2016
654,35.25608333,-116.0472333,0.25,0.25,2016
655,35.25608333,-116.0472333,0.25,0.25,2016
656,35.25608333,-116.0472333,0.25,0.25,2016
657,35.25608333,-116.0472333,0.25,0.25,2016
658,35.25608333,-116.0472333,0.25,0.25,2016
659,35.25608333,-116.0472333,0.25,0.25,2016
660,35.25608333,-116.0472333,0.25,0.25,2016
661,35.25608333,-116.0472333,0.25,0.25,2016
662,35.25608333,-116.0472333,0.25,0.25,2016
663,35.25608333,-116.0472333,0.25,0.25,2016
664,35.25608333,-116.0472333,0.25,0.25,2016
665,35.25608333,-116.0472333,0.25,0.25,2016
666,35.25608333,-116.0472333,0.25,0.25,2016
667,35.25608333,-116.0472333,0.25,0.25,2016
668,35.25608333,-116.0472333,0.25,0.25,2016
669,35.25608333,-116.0472333,0.25,0.25,2016
670,35.25608333,-116.0472333,0.25,0.25,2016
671,35.25608333,-116.0472333,0.25,0.25,2016
672,35.25608333,-116.0472333,0.25,0.25,2016
673,35.25608333,-116.0472333,0.25,0.25,2016
674,35.25608333,-116.0472333,0.25,0.25,2016
675,35.25608333,-116.0472333,0.25,0.25,2016
676,35.14453333,-115.7286167,0.25,0.25,2015
677,35.14453333,-115.7286167,0.25,0.25,2015
678,35.14453333,-115.7286167,0.25,0.25,2015
679,35.14453333,-115.7286167,0.25,0.25,2015
680,35.14453333,-115.7286167,0.25,0.25,2015
681,35.14453333,-115.7286167,0.25,0.25,2015
682,35.14453333,-115.7286167,0.25,0.25,2015
683,35.14453333,-115.7286167,0.25,0.25,2015
684,35.14453333,-115.7286167,0.25,0.25,2015
685,35.14453333,-115.7286167,0.25,0.25,2015
686,35.14453333,-115.7286167,0.25,0.25,2015
687,35.14453333,-115.7286167,0.25,0.25,2015
688,35.14453333,-115.7286167,0.25,0.25,2015
689,35.14453333,-115.7286167,0.25,0.25,2015
690,35.14453333,-115.7286167,0.25,0.25,2015
691,35.15516667,-115.7903333,0.25,0.25,2015
692,35.15516667,-115.7903333,0.25,0.25,2015
693,35.15516667,-115.7903333,0.25,0.25,2015
694,35.15516667,-115.7903333,0.25,0.25,2015
695,35.15516667,-115.7903333,0.25,0.25,2015
696,35.15516667,-115.7903333,0.25,0.25,2015
697,35.15516667,-115.7903333,0.25,0.25,2015
698,35.15516667,-115.7903333,0.25,0.25,2015
699,35.15516667,-115.7903333,0.25,0.25,2015
700,35.15516667,-115.7903333,0.25,0.25,2015
701,35.15516667,-115.7903333,0.25,0.25,2015
702,35.15516667,-115.7903333,0.25,0.25,2015
703,35.15516667,-115.7903333,0.25,0.25,2015
704,35.15516667,-115.7903333,0.25,0.25,2015
705,35.15516667,-115.7903333,0.25,0.25,2015
706,35.18428333,-115.8600167,0.25,0.25,2015
707,35.18428333,-115.8600167,0.25,0.25,2015
708,35.18428333,-115.8600167,0.25,0.25,2015
709,35.18428333,-115.8600167,0.25,0.25,2015
710,35.18428333,-115.8600167,0.25,0.25,2015
711,35.18428333,-115.8600167,0.25,0.25,2015
712,35.18428333,-115.8600167,0.25,0.25,2015
713,35.18428333,-115.8600167,0.25,0.25,2015
714,35.18428333,-115.8600167,0.25,0.25,2015
715,35.18428333,-115.8600167,0.25,0.25,2015
716,35.18428333,-115.8600167,0.25,0.25,2015
717,35.18428333,-115.8600167,0.25,0.25,2015
718,35.18428333,-115.8600167,0.25,0.25,2015
719,35.18428333,-115.8600167,0.25,0.25,2015
720,35.18428333,-115.8600167,0.25,0.25,2015
721,35.2502,-115.9224333,0.25,0.25,2015
722,35.2502,-115.9224333,0.25,0.25,2015
723,35.2502,-115.9224333,0.25,0.25,2015
724,35.2502,-115.9224333,0.25,0.25,2015
725,35.2502,-115.9224333,0.25,0.25,2015
726,35.2502,-115.9224333,0.25,0.25,2015
727,35.2502,-115.9224333,0.25,0.25,2015
728,35.2502,-115.9224333,0.25,0.25,2015
729,35.2502,-115.9224333,0.25,0.25,2015
730,35.2502,-115.9224333,0.25,0.25,2015
731,35.2502,-115.9224333,0.25,0.25,2015
732,35.2502,-115.9224333,0.25,0.25,2015
733,35.2502,-115.9224333,0.25,0.25,2015
734,35.2502,-115.9224333,0.25,0.25,2015
735,35.2502,-115.9224333,0.25,0.25,2015
736,35.25608333,-116.0472333,0.25,0.25,2015
737,35.25608333,-116.0472333,0.25,0.25,2015
738,35.25608333,-116.0472333,0.25,0.25,2015
739,35.25608333,-116.0472333,0.25,0.25,2015
740,35.25608333,-116.0472333,0.25,0.25,2015
741,35.25608333,-116.0472333,0.25,0.25,2015
742,35.25608333,-116.0472333,0.25,0.25,2015
743,35.25608333,-116.0472333,0.25,0.25,2015
744,35.25608333,-116.0472333,0.25,0.25,2015
745,35.25608333,-116.0472333,0.25,0.25,2015
746,35.25608333,-116.0472333,0.25,0.25,2015
747,35.25608333,-116.0472333,0.25,0.25,2015
748,35.25608333,-116.0472333,0.25,0.25,2015
749,35.25608333,-116.0472333,0.25,0.25,2015
750,35.25608333,-116.0472333,0.25,0.25,2015
751,36.8988,-121.0294,0.25,0.25,2017
752,36.8988,-121.0294,0.25,0.25,2017
753,36.8988,-121.0294,0.25,0.25,2017
754,36.8988,-121.0294,0.25,0.25,2017
755,36.8988,-121.0294,0.25,0.25,2017
756,36.8988,-121.0294,0.25,0.25,2017
757,36.8988,-121.0294,0.25,0.25,2017
758,36.8988,-121.0294,0.25,0.25,2017
759,36.8988,-121.0294,0.25,0.25,2017
760,36.8988,-121.0294,0.25,0.25,2017
761,36.8988,-121.0294,0.25,0.25,2017
762,36.8988,-121.0294,0.25,0.25,2017
763,36.8988,-121.0294,0.25,0.25,2017
764,36.8988,-121.0294,0.25,0.25,2017
765,36.8988,-121.0294,0.25,0.25,2017
766,36.8988,-121.0294,0.25,0.25,2017
767,36.8988,-121.0294,0.25,0.25,2017
768,36.8988,-121.0294,0.25,0.25,2017
769,36.8988,-121.0294,0.25,0.25,2017
770,36.8988,-121.0294,0.25,0.25,2017
771,36.8988,-121.0294,0.25,0.25,2017
772,36.8988,-121.0294,0.25,0.25,2017
773,36.8988,-121.0294,0.25,0.25,2017
774,36.8988,-121.0294,0.25,0.25,2017
775,36.8988,-121.0294,0.25,0.25,2017
776,36.8988,-121.0294,0.25,0.25,2017
777,36.8988,-121.0294,0.25,0.25,2017
778,36.8988,-121.0294,0.25,0.25,2017
779,36.8988,-121.0294,0.25,0.25,2017
780,36.8988,-121.0294,0.25,0.25,2017
781,36.8286,-121.0158,0.25,0.25,2017
782,36.8286,-121.0158,0.25,0.25,2017
783,36.8286,-121.0158,0.25,0.25,2017
784,36.8286,-121.0158,0.25,0.25,2017
785,36.8286,-121.0158,0.25,0.25,2017
786,36.8286,-121.0158,0.25,0.25,2017
787,36.8286,-121.0158,0.25,0.25,2017
788,36.8286,-121.0158,0.25,0.25,2017
789,36.8286,-121.0158,0.25,0.25,2017
790,36.8286,-121.0158,0.25,0.25,2017
791,36.8286,-121.0158,0.25,0.25,2017
792,36.8286,-121.0158,0.25,0.25,2017
793,36.8286,-121.0158,0.25,0.25,2017
794,36.8286,-121.0158,0.25,0.25,2017
795,36.8286,-121.0158,0.25,0.25,2017
796,36.8286,-121.0158,0.25,0.25,2017
797,36.8286,-121.0158,0.25,0.25,2017
798,36.8286,-121.0158,0.25,0.25,2017
799,36.8286,-121.0158,0.25,0.25,2017
800,36.8286,-121.0158,0.25,0.25,2017
801,36.8286,-121.0158,0.25,0.25,2017
802,36.8286,-121.0158,0.25,0.25,2017
803,36.8286,-121.0158,0.25,0.25,2017
804,36.8286,-121.0158,0.25,0.25,2017
805,36.8286,-121.0158,0.25,0.25,2017
806,36.8286,-121.0158,0.25,0.25,2017
807,36.8286,-121.0158,0.25,0.25,2017
808,36.8286,-121.0158,0.25,0.25,2017
809,36.8286,-121.0158,0.25,0.25,2017
810,36.8286,-121.0158,0.25,0.25,2017
811,36.7933,-121.0394,0.25,0.25,2017
812,36.7933,-121.0394,0.25,0.25,2017
813,36.7933,-121.0394,0.25,0.25,2017
814,36.7933,-121.0394,0.25,0.25,2017
815,36.7933,-121.0394,0.25,0.25,2017
816,36.7933,-121.0394,0.25,0.25,2017
817,36.7933,-121.0394,0.25,0.25,2017
818,36.7933,-121.0394,0.25,0.25,2017
819,36.7933,-121.0394,0.25,0.25,2017
820,36.7933,-121.0394,0.25,0.25,2017
821,36.7933,-121.0394,0.25,0.25,2017
822,36.7933,-121.0394,0.25,0.25,2017
823,36.7933,-121.0394,0.25,0.25,2017
824,36.7933,-121.0394,0.25,0.25,2017
825,36.7933,-121.0394,0.25,0.25,2017
826,36.7933,-121.0394,0.25,0.25,2017
827,36.7933,-121.0394,0.25,0.25,2017
828,36.7933,-121.0394,0.25,0.25,2017
829,36.7933,-121.0394,0.25,0.25,2017
830,36.7933,-121.0394,0.25,0.25,2017
831,36.7933,-121.0394,0.25,0.25,2017
832,36.7933,-121.0394,0.25,0.25,2017
833,36.7933,-121.0394,0.25,0.25,2017
834,36.7933,-121.0394,0.25,0.25,2017
835,36.7933,-121.0394,0.25,0.25,2017
836,36.7933,-121.0394,0.25,0.25,2017
837,36.7933,-121.0394,0.25,0.25,2017
838,36.7933,-121.0394,0.25,0.25,2017
839,36.7933,-121.0394,0.25,0.25,2017
840,36.7933,-121.0394,0.25,0.25,2017
841,36.7933,-121.0394,0.25,0.25,2016
842,36.7933,-121.0394,0.25,0.25,2016
843,36.7933,-121.0394,0.25,0.25,2016
844,36.7933,-121.0394,0.25,0.25,2016
845,36.7933,-121.0394,0.25,0.25,2016
846,36.7933,-121.0394,0.25,0.25,2016
847,36.7933,-121.0394,0.25,0.25,2016
848,36.7933,-121.0394,0.25,0.25,2016
849,36.7933,-121.0394,0.25,0.25,2016
850,36.7933,-121.0394,0.25,0.25,2016
851,36.7933,-121.0394,0.25,0.25,2016
852,36.7933,-121.0394,0.25,0.25,2016
853,36.7933,-121.0394,0.25,0.25,2016
854,36.7933,-121.0394,0.25,0.25,2016
855,36.7933,-121.0394,0.25,0.25,2016
856,36.7933,-121.0394,0.25,0.25,2016
857,36.7933,-121.0394,0.25,0.25,2016
858,36.7933,-121.0394,0.25,0.25,2016
859,36.7933,-121.0394,0.25,0.25,2016
860,36.7933,-121.0394,0.25,0.25,2016
861,36.7933,-121.0394,0.25,0.25,2016
862,36.7933,-121.0394,0.25,0.25,2016
863,36.7933,-121.0394,0.25,0.25,2016
864,36.7933,-121.0394,0.25,0.25,2016
865,36.7933,-121.0394,0.25,0.25,2016
866,36.7933,-121.0394,0.25,0.25,2016
867,36.7933,-121.0394,0.25,0.25,2016
868,36.7933,-121.0394,0.25,0.25,2016
869,36.7933,-121.0394,0.25,0.25,2016
870,36.7933,-121.0394,0.25,0.25,2016
871,36.8286,-121.0158,0.25,0.25,2016
872,36.8286,-121.0158,0.25,0.25,2016
873,36.8286,-121.0158,0.25,0.25,2016
874,36.8286,-121.0158,0.25,0.25,2016
875,36.8286,-121.0158,0.25,0.25,2016
876,36.8286,-121.0158,0.25,0.25,2016
877,36.8286,-121.0158,0.25,0.25,2016
878,36.8286,-121.0158,0.25,0.25,2016
879,36.8286,-121.0158,0.25,0.25,2016
880,36.8286,-121.0158,0.25,0.25,2016
881,36.8286,-121.0158,0.25,0.25,2016
882,36.8286,-121.0158,0.25,0.25,2016
883,36.8286,-121.0158,0.25,0.25,2016
884,36.8286,-121.0158,0.25,0.25,2016
885,36.8286,-121.0158,0.25,0.25,2016
886,36.8286,-121.0158,0.25,0.25,2016
887,36.8286,-121.0158,0.25,0.25,2016
888,36.8286,-121.0158,0.25,0.25,2016
889,36.8286,-121.0158,0.25,0.25,2016
890,36.8286,-121.0158,0.25,0.25,2016
891,36.8286,-121.0158,0.25,0.25,2016
892,36.8286,-121.0158,0.25,0.25,2016
893,36.8286,-121.0158,0.25,0.25,2016
894,36.8286,-121.0158,0.25,0.25,2016
895,36.8286,-121.0158,0.25,0.25,2016
896,36.8286,-121.0158,0.25,0.25,2016
897,36.8286,-121.0158,0.25,0.25,2016
898,36.8286,-121.0158,0.25,0.25,2016
899,36.8286,-121.0158,0.25,0.25,2016
900,36.8286,-121.0158,0.25,0.25,2016
901,36.8988,-121.0294,0.25,0.25,2016
902,36.8988,-121.0294,0.25,0.25,2016
903,36.8988,-121.0294,0.25,0.25,2016
904,36.8988,-121.0294,0.25,0.25,2016
905,36.8988,-121.0294,0.25,0.25,2016
906,36.8988,-121.0294,0.25,0.25,2016
907,36.8988,-121.0294,0.25,0.25,2016
908,36.8988,-121.0294,0.25,0.25,2016
909,36.8988,-121.0294,0.25,0.25,2016
910,36.8988,-121.0294,0.25,0.25,2016
911,36.8988,-121.0294,0.25,0.25,2016
912,36.8988,-121.0294,0.25,0.25,2016
913,36.8988,-121.0294,0.25,0.25,2016
914,36.8988,-121.0294,0.25,0.25,2016
915,36.8988,-121.0294,0.25,0.25,2016
916,36.8988,-121.0294,0.25,0.25,2016
917,36.8988,-121.0294,0.25,0.25,2016
918,36.8988,-121.0294,0.25,0.25,2016
919,36.8988,-121.0294,0.25,0.25,2016
920,36.8988,-121.0294,0.25,0.25,2016
921,36.8988,-121.0294,0.25,0.25,2016
922,36.8988,-121.0294,0.25,0.25,2016
923,36.8988,-121.0294,0.25,0.25,2016
924,36.8988,-121.0294,0.25,0.25,2016
925,36.8988,-121.0294,0.25,0.25,2016
926,36.8988,-121.0294,0.25,0.25,2016
927,36.8988,-121.0294,0.25,0.25,2016
928,36.8988,-121.0294,0.25,0.25,2016
929,36.8988,-121.0294,0.25,0.25,2016
930,36.8988,-121.0294,0.25,0.25,2016
931,36.7933,-121.0394,0.25,0.25,2015
932,36.7933,-121.0394,0.25,0.25,2015
933,36.7933,-121.0394,0.25,0.25,2015
934,36.7933,-121.0394,0.25,0.25,2015
935,36.7933,-121.0394,0.25,0.25,2015
936,36.7933,-121.0394,0.25,0.25,2015
937,36.7933,-121.0394,0.25,0.25,2015
938,36.7933,-121.0394,0.25,0.25,2015
939,36.7933,-121.0394,0.25,0.25,2015
940,36.7933,-121.0394,0.25,0.25,2015
941,36.7933,-121.0394,0.25,0.25,2015
942,36.7933,-121.0394,0.25,0.25,2015
943,36.7933,-121.0394,0.25,0.25,2015
944,36.7933,-121.0394,0.25,0.25,2015
945,36.7933,-121.0394,0.25,0.25,2015
946,36.8286,-121.0158,0.25,0.25,2015
947,36.8286,-121.0158,0.25,0.25,2015
948,36.8286,-121.0158,0.25,0.25,2015
949,36.8286,-121.0158,0.25,0.25,2015
950,36.8286,-121.0158,0.25,0.25,2015
951,36.8286,-121.0158,0.25,0.25,2015
952,36.8286,-121.0158,0.25,0.25,2015
953,36.8286,-121.0158,0.25,0.25,2015
954,36.8286,-121.0158,0.25,0.25,2015
955,36.8286,-121.0158,0.25,0.25,2015
956,36.8286,-121.0158,0.25,0.25,2015
957,36.8286,-121.0158,0.25,0.25,2015
958,36.8286,-121.0158,0.25,0.25,2015
959,36.8286,-121.0158,0.25,0.25,2015
960,36.8286,-121.0158,0.25,0.25,2015
961,36.8988,-121.0294,0.25,0.25,2015
962,36.8988,-121.0294,0.25,0.25,2015
963,36.8988,-121.0294,0.25,0.25,2015
964,36.8988,-121.0294,0.25,0.25,2015
965,36.8988,-121.0294,0.25,0.25,2015
966,36.8988,-121.0294,0.25,0.25,2015
967,36.8988,-121.0294,0.25,0.25,2015
968,36.8988,-121.0294,0.25,0.25,2015
969,36.8988,-121.0294,0.25,0.25,2015
970,36.8988,-121.0294,0.25,0.25,2015
971,36.8988,-121.0294,0.25,0.25,2015
972,36.8988,-121.0294,0.25,0.25,2015
973,36.8988,-121.0294,0.25,0.25,2015
974,36.8988,-121.0294,0.25,0.25,2015
975,36.8988,-121.0294,0.25,0.25,2015
976,36.8988,-121.0294,0.25,0.25,2017
977,36.8988,-121.0294,0.25,0.25,2017
978,36.8988,-121.0294,0.25,0.25,2017
979,36.8988,-121.0294,0.25,0.25,2017
980,36.8988,-121.0294,0.25,0.25,2017
981,36.8988,-121.0294,0.25,0.25,2017
982,36.8988,-121.0294,0.25,0.25,2017
983,36.8988,-121.0294,0.25,0.25,2017
984,36.8988,-121.0294,0.25,0.25,2017
985,36.8988,-121.0294,0.25,0.25,2017
986,36.8988,-121.0294,0.25,0.25,2017
987,36.8988,-121.0294,0.25,0.25,2017
988,36.8988,-121.0294,0.25,0.25,2017
989,36.8988,-121.0294,0.25,0.25,2017
990,36.8988,-121.0294,0.25,0.25,2017
991,36.8988,-121.0294,0.25,0.25,2017
992,36.8988,-121.0294,0.25,0.25,2017
993,36.8988,-121.0294,0.25,0.25,2017
994,36.8988,-121.0294,0.25,0.25,2017
995,36.8988,-121.0294,0.25,0.25,2017
996,36.8988,-121.0294,0.25,0.25,2017
997,36.8988,-121.0294,0.25,0.25,2017
998,36.8988,-121.0294,0.25,0.25,2017
999,36.8988,-121.0294,0.25,0.25,2017
1000,36.8988,-121.0294,0.25,0.25,2017
1001,36.8988,-121.0294,0.25,0.25,2017
1002,36.8988,-121.0294,0.25,0.25,2017
1003,36.8988,-121.0294,0.25,0.25,2017
1004,36.8988,-121.0294,0.25,0.25,2017
1005,36.8988,-121.0294,0.25,0.25,2017
1006,36.8286,-121.0158,0.25,0.25,2017
1007,36.8286,-121.0158,0.25,0.25,2017
1008,36.8286,-121.0158,0.25,0.25,2017
1009,36.8286,-121.0158,0.25,0.25,2017
1010,36.8286,-121.0158,0.25,0.25,2017
1011,36.8286,-121.0158,0.25,0.25,2017
1012,36.8286,-121.0158,0.25,0.25,2017
1013,36.8286,-121.0158,0.25,0.25,2017
1014,36.8286,-121.0158,0.25,0.25,2017
1015,36.8286,-121.0158,0.25,0.25,2017
1016,36.8286,-121.0158,0.25,0.25,2017
1017,36.8286,-121.0158,0.25,0.25,2017
1018,36.8286,-121.0158,0.25,0.25,2017
1019,36.8286,-121.0158,0.25,0.25,2017
1020,36.8286,-121.0158,0.25,0.25,2017
1021,36.8286,-121.0158,0.25,0.25,2017
1022,36.8286,-121.0158,0.25,0.25,2017
1023,36.8286,-121.0158,0.25,0.25,2017
1024,36.8286,-121.0158,0.25,0.25,2017
1025,36.8286,-121.0158,0.25,0.25,2017
1026,36.8286,-121.0158,0.25,0.25,2017
1027,36.8286,-121.0158,0.25,0.25,2017
1028,36.8286,-121.0158,0.25,0.25,2017
1029,36.8286,-121.0158,0.25,0.25,2017
1030,36.8286,-121.0158,0.25,0.25,2017
1031,36.8286,-121.0158,0.25,0.25,2017
1032,36.8286,-121.0158,0.25,0.25,2017
1033,36.8286,-121.0158,0.25,0.25,2017
1034,36.8286,-121.0158,0.25,0.25,2017
1035,36.8286,-121.0158,0.25,0.25,2017
1036,36.7933,-121.0394,0.25,0.25,2017
1037,36.7933,-121.0394,0.25,0.25,2017
1038,36.7933,-121.0394,0.25,0.25,2017
1039,36.7933,-121.0394,0.25,0.25,2017
1040,36.7933,-121.0394,0.25,0.25,2017
1041,36.7933,-121.0394,0.25,0.25,2017
1042,36.7933,-121.0394,0.25,0.25,2017
1043,36.7933,-121.0394,0.25,0.25,2017
1044,36.7933,-121.0394,0.25,0.25,2017
1045,36.7933,-121.0394,0.25,0.25,2017
1046,36.7933,-121.0394,0.25,0.25,2017
1047,36.7933,-121.0394,0.25,0.25,2017
1048,36.7933,-121.0394,0.25,0.25,2017
1049,36.7933,-121.0394,0.25,0.25,2017
1050,36.7933,-121.0394,0.25,0.25,2017
1051,36.7933,-121.0394,0.25,0.25,2017
1052,36.7933,-121.0394,0.25,0.25,2017
1053,36.7933,-121.0394,0.25,0.25,2017
1054,36.7933,-121.0394,0.25,0.25,2017
1055,36.7933,-121.0394,0.25,0.25,2017
1056,36.7933,-121.0394,0.25,0.25,2017
1057,36.7933,-121.0394,0.25,0.25,2017
1058,36.7933,-121.0394,0.25,0.25,2017
1059,36.7933,-121.0394,0.25,0.25,2017
1060,36.7933,-121.0394,0.25,0.25,2017
1061,36.7933,-121.0394,0.25,0.25,2017
1062,36.7933,-121.0394,0.25,0.25,2017
1063,36.7933,-121.0394,0.25,0.25,2017
1064,36.7933,-121.0394,0.25,0.25,2017
1065,36.7933,-121.0394,0.25,0.25,2017
1066,36.7933,-121.0394,0.25,0.25,2016
1067,36.7933,-121.0394,0.25,0.25,2016
1068,36.7933,-121.0394,0.25,0.25,2016
1069,36.7933,-121.0394,0.25,0.25,2016
1070,36.7933,-121.0394,0.25,0.25,2016
1071,36.7933,-121.0394,0.25,0.25,2016
1072,36.7933,-121.0394,0.25,0.25,2016
1073,36.7933,-121.0394,0.25,0.25,2016
1074,36.7933,-121.0394,0.25,0.25,2016
1075,36.7933,-121.0394,0.25,0.25,2016
1076,36.7933,-121.0394,0.25,0.25,2016
1077,36.7933,-121.0394,0.25,0.25,2016
1078,36.7933,-121.0394,0.25,0.25,2016
1079,36.7933,-121.0394,0.25,0.25,2016
1080,36.7933,-121.0394,0.25,0.25,2016
1081,36.7933,-121.0394,0.25,0.25,2016
1082,36.7933,-121.0394,0.25,0.25,2016
1083,36.7933,-121.0394,0.25,0.25,2016
1084,36.7933,-121.0394,0.25,0.25,2016
1085,36.7933,-121.0394,0.25,0.25,2016
1086,36.7933,-121.0394,0.25,0.25,2016
1087,36.7933,-121.0394,0.25,0.25,2016
1088,36.7933,-121.0394,0.25,0.25,2016
1089,36.7933,-121.0394,0.25,0.25,2016
1090,36.7933,-121.0394,0.25,0.25,2016
1091,36.7933,-121.0394,0.25,0.25,2016
1092,36.7933,-121.0394,0.25,0.25,2016
1093,36.7933,-121.0394,0.25,0.25,2016
1094,36.7933,-121.0394,0.25,0.25,2016
1095,36.7933,-121.0394,0.25,0.25,2016
1096,36.8286,-121.0158,0.25,0.25,2016
1097,36.8286,-121.0158,0.25,0.25,2016
1098,36.8286,-121.0158,0.25,0.25,2016
1099,36.8286,-121.0158,0.25,0.25,2016
1100,36.8286,-121.0158,0.25,0.25,2016
1101,36.8286,-121.0158,0.25,0.25,2016
1102,36.8286,-121.0158,0.25,0.25,2016
1103,36.8286,-121.0158,0.25,0.25,2016
1104,36.8286,-121.0158,0.25,0.25,2016
1105,36.8286,-121.0158,0.25,0.25,2016
1106,36.8286,-121.0158,0.25,0.25,2016
1107,36.8286,-121.0158,0.25,0.25,2016
1108,36.8286,-121.0158,0.25,0.25,2016
1109,36.8286,-121.0158,0.25,0.25,2016
1110,36.8286,-121.0158,0.25,0.25,2016
1111,36.8286,-121.0158,0.25,0.25,2016
1112,36.8286,-121.0158,0.25,0.25,2016
1113,36.8286,-121.0158,0.25,0.25,2016
1114,36.8286,-121.0158,0.25,0.25,2016
1115,36.8286,-121.0158,0.25,0.25,2016
1116,36.8286,-121.0158,0.25,0.25,2016
1117,36.8286,-121.0158,0.25,0.25,2016
1118,36.8286,-121.0158,0.25,0.25,2016
1119,36.8286,-121.0158,0.25,0.25,2016
1120,36.8286,-121.0158,0.25,0.25,2016
1121,36.8286,-121.0158,0.25,0.25,2016
1122,36.8286,-121.0158,0.25,0.25,2016
1123,36.8286,-121.0158,0.25,0.25,2016
1124,36.8286,-121.0158,0.25,0.25,2016
1125,36.8286,-121.0158,0.25,0.25,2016
1126,36.8988,-121.0294,0.25,0.25,2016
1127,36.8988,-121.0294,0.25,0.25,2016
1128,36.8988,-121.0294,0.25,0.25,2016
1129,36.8988,-121.0294,0.25,0.25,2016
1130,36.8988,-121.0294,0.25,0.25,2016
1131,36.8988,-121.0294,0.25,0.25,2016
1132,36.8988,-121.0294,0.25,0.25,2016
1133,36.8988,-121.0294,0.25,0.25,2016
1134,36.8988,-121.0294,0.25,0.25,2016
1135,36.8988,-121.0294,0.25,0.25,2016
1136,36.8988,-121.0294,0.25,0.25,2016
1137,36.8988,-121.0294,0.25,0.25,2016
1138,36.8988,-121.0294,0.25,0.25,2016
1139,36.8988,-121.0294,0.25,0.25,2016
1140,36.8988,-121.0294,0.25,0.25,2016
1141,36.8988,-121.0294,0.25,0.25,2016
1142,36.8988,-121.0294,0.25,0.25,2016
1143,36.8988,-121.0294,0.25,0.25,2016
1144,36.8988,-121.0294,0.25,0.25,2016
1145,36.8988,-121.0294,0.25,0.25,2016
1146,36.8988,-121.0294,0.25,0.25,2016
1147,36.8988,-121.0294,0.25,0.25,2016
1148,36.8988,-121.0294,0.25,0.25,2016
1149,36.8988,-121.0294,0.25,0.25,2016
1150,36.8988,-121.0294,0.25,0.25,2016
1151,36.8988,-121.0294,0.25,0.25,2016
1152,36.8988,-121.0294,0.25,0.25,2016
1153,36.8988,-121.0294,0.25,0.25,2016
1154,36.8988,-121.0294,0.25,0.25,2016
1155,36.8988,-121.0294,0.25,0.25,2016
1156,36.7933,-121.0394,0.25,0.25,2015
1157,36.7933,-121.0394,0.25,0.25,2015
1158,36.7933,-121.0394,0.25,0.25,2015
1159,36.7933,-121.0394,0.25,0.25,2015
1160,36.7933,-121.0394,0.25,0.25,2015
1161,36.7933,-121.0394,0.25,0.25,2015
1162,36.7933,-121.0394,0.25,0.25,2015
1163,36.7933,-121.0394,0.25,0.25,2015
1164,36.7933,-121.0394,0.25,0.25,2015
1165,36.7933,-121.0394,0.25,0.25,2015
1166,36.7933,-121.0394,0.25,0.25,2015
1167,36.7933,-121.0394,0.25,0.25,2015
1168,36.7933,-121.0394,0.25,0.25,2015
1169,36.7933,-121.0394,0.25,0.25,2015
1170,36.7933,-121.0394,0.25,0.25,2015
1171,36.8286,-121.0158,0.25,0.25,2015
1172,36.8286,-121.0158,0.25,0.25,2015
1173,36.8286,-121.0158,0.25,0.25,2015
1174,36.8286,-121.0158,0.25,0.25,2015
1175,36.8286,-121.0158,0.25,0.25,2015
1176,36.8286,-121.0158,0.25,0.25,2015
1177,36.8286,-121.0158,0.25,0.25,2015
1178,36.8286,-121.0158,0.25,0.25,2015
1179,36.8286,-121.0158,0.25,0.25,2015
1180,36.8286,-121.0158,0.25,0.25,2015
1181,36.8286,-121.0158,0.25,0.25,2015
1182,36.8286,-121.0158,0.25,0.25,2015
1183,36.8286,-121.0158,0.25,0.25,2015
1184,36.8286,-121.0158,0.25,0.25,2015
1185,36.8286,-121.0158,0.25,0.25,2015
1186,36.8988,-121.0294,0.25,0.25,2015
1187,36.8988,-121.0294,0.25,0.25,2015
1188,36.8988,-121.0294,0.25,0.25,2015
1189,36.8988,-121.0294,0.25,0.25,2015
1190,36.8988,-121.0294,0.25,0.25,2015
1191,36.8988,-121.0294,0.25,0.25,2015
1192,36.8988,-121.0294,0.25,0.25,2015
1193,36.8988,-121.0294,0.25,0.25,2015
1194,36.8988,-121.0294,0.25,0.25,2015
1195,36.8988,-121.0294,0.25,0.25,2015
1196,36.8988,-121.0294,0.25,0.25,2015
1197,36.8988,-121.0294,0.25,0.25,2015
1198,36.8988,-121.0294,0.25,0.25,2015
1199,36.8988,-121.0294,0.25,0.25,2015
1200,36.8988,-121.0294,0.25,0.25,2015
